name,price,url,timestamp
Название не найдено,Цена не найдена,,2026-02-24 18:31:18
"(window.apiarySleepingQueue=window.apiarySleepingQueue||[]).push('@marketfront/SnippetConstructor/SimpleGallery');(window.apiaryMarkerPortal=window.apiaryMarkerPortal||[]).push([""@marketfront/SnippetConstructor/SimpleGallery/Gallery"",""/content/page/fancyPage/searchContent/searchContentSync/searchSerpStatic/content/content/lazyGenerator/initialContent/serpLayoutItem_689226/serpEntity17719470735089606017616001/gallery/gallery"",""static"",null,""static"",""apiary-marker-3q0vq-2v1iexs1dlx"",""42"",[],true,""@marketfront/SnippetConstructor/SimpleGallery"",""/content/page/fancyPage/searchContent/searchContentSync/searchSerpStatic/content/content/lazyGenerator/initialContent/serpLayoutItem_689226/serpEntity17719470735089606017616001/gallery"",true,0,null,[]])(window.apiaryMarkerPortal=window.apiaryMarkerPortal||[]).push([""@marketfront/SnippetConstructor/SimpleGallery"",""/content/page/fancyPage/searchContent/searchContentSync/searchSerpStatic/content/content/lazyGenerator/initialContent/serpLayoutItem_689226/serpEntity17719470735089606017616001/gallery"",""static"",null,""static"",""apiary-marker-3q0vr-2v1iexs1dlx"",""42"",[],true,""@marketfront/SnippetConstructor"",""/content/page/fancyPage/searchContent/searchContentSync/searchSerpStatic/content/content/lazyGenerator/initialContent/serpLayoutItem_689226/serpEntity17719470735089606017616001"",true,0,{""preload"":true},[]])5% ПРОМОКОД",1 654,https://market.yandex.ru/card/5301-3502041-knr---tsilindr-kolesnyy-zil/103055836182?buyBoxFallback=disable&do-waremd5=qjut5SmWOslLH4zQxQ1Tzg&cpc=-tFQJKZermc-KuaO8emAqG0mcjYDls4ebxeMGYGlrDY0jJS8FrVwACPaAMlMN2hMm5km6HUpZd03_7_pVnNNMjdmghFXToQgvmGMA08z-qoEvToOR8a3znbrbzQFP0f3aLInBzPXt7p8a1jKqwp3RMFuGEHGPUNvO9ewMFMhKQQ1ADFz9Sq2QiMNP4liE1axtQc8LpjsmiXMY5-ERf9h2Zo0yi8U_LK16cdUmvTSP9KdtyUZIoysV7bp79eNIM-98sPImUAF8a78OHTdhIZHhLNygL5rmcFdNos3H_6P4C2FUFSiVyFt6y3K6GXspuhtgbKVyLlEpAsfDAvY5DKEydf53T0e1HYBZIWZPGOOFiUCXNyrPTkeiCRHeBjy5T_Wi_B9qwDP4GNm3wxS_z1o2Yy-rmcYHiXZEC2btdMgANR_j1RcI04G1MJoi0808IFxSVak71IpLEDxRFoWrSi8dp1ajcR-w1yNAVuhY67i4zXgPB8uV0XJdWaeOINfq_oNyOz4d6XyykPXMqSdU7_ncmvMW_NkwhE1s-P9HJYl1oRphIwCf9aJLy84prQ6gcPXtD96I7Pr1X_izFbIZlMSGNowFC5wh6KopkzSjt2zXnslR53elSzAA3GGUGTU7IvOvjlp2ktvsn5bgKno54gPzAdwopIFhsLQ1tmqzfMBCw8tCALW7YYHPiIWVLz3UbPW&cc=CiBiMmQyNDZiNTFkMjc3NjU2ODlhOGRiYTllZTk3YmQ5YhAHgH3m7QY%2C&resale_goods=resale_new&hid=17424682&nid=17424683&show-uid=17719470735089606017606001&showUid=17719470735089606017606001&from-show-uid=17719470735089606017606001&cpa=1&from=search,2026-02-24 18:31:18
"(window.apiaryMarkerPortal=window.apiaryMarkerPortal||[]).push([""@marketfront/SnippetConstructor/SimpleGallery/Gallery"",""/content/page/fancyPage/searchContent/searchContentSync/searchSerpStatic/content/content/lazyGenerator/initialContent/serpLayoutItem_71736/serpEntity17719470735089606017616002/gallery/gallery"",""static"",null,""static"",""apiary-marker-3q0vw-2v1iexs1dlx"",""42"",[],true,""@marketfront/SnippetConstructor/SimpleGallery"",""/content/page/fancyPage/searchContent/searchContentSync/searchSerpStatic/content/content/lazyGenerator/initialContent/serpLayoutItem_71736/serpEntity17719470735089606017616002/gallery"",true,0,null,[]])(window.apiaryMarkerPortal=window.apiaryMarkerPortal||[]).push([""@marketfront/SnippetConstructor/SimpleGallery"",""/content/page/fancyPage/searchContent/searchContentSync/searchSerpStatic/content/content/lazyGenerator/initialContent/serpLayoutItem_71736/serpEntity17719470735089606017616002/gallery"",""static"",null,""static"",""apiary-marker-3q0vx-2v1iexs1dlx"",""42"",[],true,""@marketfront/SnippetConstructor"",""/content/page/fancyPage/searchContent/searchContentSync/searchSerpStatic/content/content/lazyGenerator/initialContent/serpLayoutItem_71736/serpEntity17719470735089606017616002"",true,0,{""preload"":true},[]])5% ПРОМОКОД",1 650,https://market.yandex.ru/card/5301-3502040-knr---tsilindr-kolesnyy-zil/103055836181?buyBoxFallback=disable&do-waremd5=T9RMECtyxBDlZUEfawRECA&cpc=-tFQJKZermeFA1LNJ02M1sh3vJb4vACg_5sAI3i-_GQ6AjRAeaWTOYYQ7aqujL7H4Dd0oJ4DfYQOM8eVzBebcfiR_jylnnBxuT2tbKEr6kkpP3bmxeJu3wfsXTvaGOILjnODRaIqYIZ1RX1CBMNFK7tKye-y4y986NGlMklJ09wEFUkXLImU2-OPIwpNfR2przvmKl2kyHctqqcKyUpLB-r3TO-cad9M7ur374Ull6NpZbxRoQ_EPM0x61xSe4z2Ris_Uh_ZC0dSrtM6gePA_kAhr3xJKYPJu4TvvuvXA-aBQL29xoithjekNMXV6QSCZi9kwc-qhY0YkrfnsG-LdQJV0oJxzvIApu0sIGe11UCg2eNW5NOoud6EKSHUj-j9qflUNWj1-C22nZ3jwTxevqd2gOU8TxgUTiqj7XgCQxhCbeBYsS3Y0eFcN1FLcFJVJdRKYm101JTxkSLn55bpJYH_e2QecU_YVFovQRZB1QVnYIatCXU_U3D_leDcozdJvSrF0YjOE36W1Yp6gfP0BDC5zEww6Oc_ejWW3TLYdc00b00dAYegPSskRPpbmSUON7t1BTs0yUZ8LziIc6J8RsjN0U2zRIz3B5zXdjJnzA7RtTJ_OOGI2aeLF1DecuhpSLgIem8TC74SSprkabL-Dl19JmFa97C6EvY0M-iGF3XVHYWCJ7Ouj8DMdAbebvS3&cc=CiBiMmQyNDZiNTFkMjc3NjU2ODlhOGRiYTllZTk3YmQ5YhAHgH3m7QY%2C&resale_goods=resale_new&hid=17424682&nid=17424683&show-uid=17719470735089606017606002&showUid=17719470735089606017606002&from-show-uid=17719470735089606017606002&cpa=1&from=search,2026-02-24 18:31:18
"(window.apiaryMarkerPortal=window.apiaryMarkerPortal||[]).push([""@marketfront/SnippetConstructor/SimpleGallery/Gallery"",""/content/page/fancyPage/searchContent/searchContentSync/searchSerpStatic/content/content/lazyGenerator/initialContent/serpLayoutItem_534040/serpEntity17719470735089606017616003/gallery/gallery"",""static"",null,""static"",""apiary-marker-3q0w2-2v1iexs1dlx"",""42"",[],true,""@marketfront/SnippetConstructor/SimpleGallery"",""/content/page/fancyPage/searchContent/searchContentSync/searchSerpStatic/content/content/lazyGenerator/initialContent/serpLayoutItem_534040/serpEntity17719470735089606017616003/gallery"",true,0,null,[]])(window.apiarySleepingQueue=window.apiarySleepingQueue||[]).push('@marketfront/SnippetConstructor/SimpleGallery/ImageManager');{""widgets"":{""@marketfront/SnippetConstructor/SimpleGallery/ImageManager"":{""/content/page/fancyPage/searchContent/searchContentSync/searchSerpStatic/content/content/lazyGenerator/initialContent/serpLayoutItem_534040/serpEntity17719470735089606017616003/gallery/imageManager"":{""communicationClassName"":""s_nf76p9rn69"",""galleryType"":""DEFAULT"",""elemCount"":5,""imageManagerContainerId"":""i_nf76p9rn69"",""bulletContainerId"":""b_nf76p9rn69"",""imagesContainerClassName"":""ic_nf76p9rn69"",""videoNodeId"":""v_nf76p9rn69"",""isAllReverseAutoplay"":false,""propsToCreateImages"":{""pictures"":[{""picture"":{""baseUrl"":""https://avatars.mds.yandex.net/get-mpic/12371932/2a0000019663be618634c9efb5d4c89f7eb3/"",""width"":900,""height"":1200},""type"":""IMAGE""},{""picture"":{""baseUrl"":""https://avatars.mds.yandex.net/get-mpic/12025833/2a0000019663be61bd3103dd53b92e5ae94e/"",""width"":900,""height"":1200},""type"":""IMAGE""},{""picture"":{""baseUrl"":""https://avatars.mds.yandex.net/get-mpic/13714821/2a0000019663be6186c49e53e0c3959dbb5d/"",""width"":900,""height"":1200},""type"":""IMAGE""},{""picture"":{""baseUrl"":""https://avatars.mds.yandex.net/get-mpic/15413745/2a0000019663be61e4e27e47c7f67bfd1230/"",""width"":900,""height"":1200},""type"":""IMAGE""},{""picture"":{""baseUrl"":""https://avatars.mds.yandex.net/get-mpic/12371932/2a0000019663be61ab1384f2dd698f285d0e/"",""width"":900,""height"":1200},""type"":""IMAGE""}],""galleryImageSizeConfig"":[{""alias"":""120x160_multiply"",""width"":120},{""alias"":""180x240_multiply"",""width"":180},{""alias"":""240x320_multiply"",""width"":240},{""alias"":""300x400_multiply"",""width"":300},{""alias"":""351x468_multiply"",""width"":351},{""alias"":""402x536_multiply"",""width"":402},{""alias"":""450x600_multiply"",""width"":450},{""alias"":""501x668_multiply"",""width"":501},{""alias"":""552x736_multiply"",""width"":552},{""alias"":""600x800_multiply"",""width"":600}],""galleryImageLightSizeConfig"":[{""alias"":""120x160_multiply"",""width"":120},{""alias"":""180x240_multiply"",""width"":180}],""maxSnippetWidth"":203,""useLightImages"":false}}}},""meta"":{""/content/page/fancyPage/searchContent/searchContentSync/searchSerpStatic/content/content/lazyGenerator/initialContent/serpLayoutItem_534040/serpEntity17719470735089606017616003/gallery/imageManager"":{""name"":""@marketfront/SnippetConstructor/SimpleGallery/ImageManager""}}}(window.apiaryMarkerPortal=window.apiaryMarkerPortal||[]).push([""@marketfront/SnippetConstructor/SimpleGallery/ImageManager"",""/content/page/fancyPage/searchContent/searchContentSync/searchSerpStatic/content/content/lazyGenerator/initialContent/serpLayoutItem_534040/serpEntity17719470735089606017616003/gallery/imageManager"",""sleeping"",null,""static"",""apiary-marker-3q0w3-2v1iexs1dlx"",""42"",[],true,""@marketfront/SnippetConstructor/SimpleGallery"",""/content/page/fancyPage/searchContent/searchContentSync/searchSerpStatic/content/content/lazyGenerator/initialContent/serpLayoutItem_534040/serpEntity17719470735089606017616003/gallery"",true,0,{""preload"":true},[]])(window.apiarySleepingQueue=window.apiarySleepingQueue||[]).push('@marketfront/SnippetConstructor/SimpleGallery/Bullets');{""widgets"":{""@marketfront/SnippetConstructor/SimpleGallery/Bullets"":{""/content/page/fancyPage/searchContent/searchContentSync/searchSerpStatic/content/content/lazyGenerator/initialContent/serpLayoutItem_534040/serpEntity17719470735089606017616003/gallery/bulletManager"":{""communicationClassName"":""s_nf76p9rn69"",""galleryType"":""DEFAULT"",""bulletContainerId"":""b_nf76p9rn69"",""elemCount"":5,""imageManagerContainerId"":""i_nf76p9rn69"",""isAllReverseAutoplay"":false}}},""meta"":{""/content/page/fancyPage/searchContent/searchContentSync/searchSerpStatic/content/content/lazyGenerator/initialContent/serpLayoutItem_534040/serpEntity17719470735089606017616003/gallery/bulletManager"":{""name"":""@marketfront/SnippetConstructor/SimpleGallery/Bullets""}}}(window.apiaryMarkerPortal=window.apiaryMarkerPortal||[]).push([""@marketfront/SnippetConstructor/SimpleGallery/Bullets"",""/content/page/fancyPage/searchContent/searchContentSync/searchSerpStatic/content/content/lazyGenerator/initialContent/serpLayoutItem_534040/serpEntity17719470735089606017616003/gallery/bulletManager"",""sleeping"",null,""static"",""apiary-marker-3q0w4-2v1iexs1dlx"",""42"",[],true,""@marketfront/SnippetConstructor/SimpleGallery"",""/content/page/fancyPage/searchContent/searchContentSync/searchSerpStatic/content/content/lazyGenerator/initialContent/serpLayoutItem_534040/serpEntity17719470735089606017616003/gallery"",true,0,{""preload"":true},[]])(window.apiaryMarkerPortal=window.apiaryMarkerPortal||[]).push([""@marketfront/SnippetConstructor/SimpleGallery"",""/content/page/fancyPage/searchContent/searchContentSync/searchSerpStatic/content/content/lazyGenerator/initialContent/serpLayoutItem_534040/serpEntity17719470735089606017616003/gallery"",""static"",null,""static"",""apiary-marker-3q0w5-2v1iexs1dlx"",""42"",[],true,""@marketfront/SnippetConstructor"",""/content/page/fancyPage/searchContent/searchContentSync/searchSerpStatic/content/content/lazyGenerator/initialContent/serpLayoutItem_534040/serpEntity17719470735089606017616003"",true,0,{""preload"":true},[]])",8 019,https://market.yandex.ru/card/tsilindr-tormoznoy-glavnyy-zil-5301-n-o-s-1-bachkom/4868484767?buyBoxFallback=disable&do-waremd5=C75537qt1kZLdwVj4a8dxg&cpc=-tFQJKZermc6_bFZh0AL9ha3nHVZqttzK1-fFW9F59zGdaUYwd2aBs-Ybze8hyi4gvMGCr6_KRsfnLGQDe54nPGoI3YlJzOPRhwgZse9sD54iOpb_uIpEQzDXMNVtJn8Xpcr0bLaqEWrqKN7barOVnXGTUzMazhohAoapGNvM90mDVqbajBJlLEXLjO8ntft1tLsM0oM26iB26WjJTgh5cWxn6UaD_Mo0Hq4oeXUVy9BfRQr3YHh11ZyRlvJ8M4C6-Ceo3ghSKhSiH2UXav1n9-u_u3jbus6-gkl-aak2xoXfreU89Q52hLhhAoWaqF7LD4moPs8p1PIyxSckb489AFjpN7VljOn8GofpklZuACoLLB07cmU_5qDMMtC_A7iQf3WdbZJTAF_38QH-WvrXSR9cxe-nNd4xW-TM2gC6IuR-W9x1zDmGRtK58OKW8kUb_rnxv2NKX6YTJ4KxRNnfMZ3uTeah8EjpZTFteYp4BjtgIjSswxmakVbVxY28ossAztwJoIscXFcLt8EVNbueTILl3lEZGCR-c3LVvKf_8fnAHRk8Lpd9ZwKSpz4bV2jofsEyjt29e1B1M9Tco5TL_UYXqNp5lv0AufrlkoIGu8oNtp-q-PgbK2p7RS8W74ix4vHjpMPAvQGWZ4IPRq4n2KAD5Oz5dkJVzpG0ZVRgq22oXt-TtFf7eu2XuY0faP8k-6dbfYOn9UnSqYVLEzESsNga0Zw0C-jl_himYkcXc1iQ4L-l3OwotmONXfWdgcVNGX_WQBI4QB2f3GjXH9v4w%2C%2C&cc=CiBiMmQyNDZiNTFkMjc3NjU2ODlhOGRiYTllZTk3YmQ5YhAHgH3m7QY%2C&resale_goods=resale_new&hid=17424675&nid=17424676&show-uid=17719470735089606017606003&showUid=17719470735089606017606003&from-show-uid=17719470735089606017606003&cpa=1&from=search,2026-02-24 18:31:18
Название не найдено,Цена не найдена,,2026-02-24 18:31:18
"(window.apiaryMarkerPortal=window.apiaryMarkerPortal||[]).push([""@marketfront/SnippetConstructor/SimpleGallery/Gallery"",""/content/page/fancyPage/searchContent/searchContentSync/searchSerpStatic/content/content/lazyGenerator/initialContent/serpLayoutItem_638290/serpEntity17719470735089606017616004/gallery/gallery"",""static"",null,""static"",""apiary-marker-3q0we-2v1iexs1dlx"",""42"",[],true,""@marketfront/SnippetConstructor/SimpleGallery"",""/content/page/fancyPage/searchContent/searchContentSync/searchSerpStatic/content/content/lazyGenerator/initialContent/serpLayoutItem_638290/serpEntity17719470735089606017616004/gallery"",true,0,null,[]])(window.apiaryMarkerPortal=window.apiaryMarkerPortal||[]).push([""@marketfront/SnippetConstructor/SimpleGallery"",""/content/page/fancyPage/searchContent/searchContentSync/searchSerpStatic/content/content/lazyGenerator/initialContent/serpLayoutItem_638290/serpEntity17719470735089606017616004/gallery"",""static"",null,""static"",""apiary-marker-3q0wf-2v1iexs1dlx"",""42"",[],true,""@marketfront/SnippetConstructor"",""/content/page/fancyPage/searchContent/searchContentSync/searchSerpStatic/content/content/lazyGenerator/initialContent/serpLayoutItem_638290/serpEntity17719470735089606017616004"",true,0,{""preload"":true},[]])",2 881,https://market.yandex.ru/card/tsilindr-tormoznoy-zadniy-zil-5301-levyy-fenox-k2719c3-5301-3502041/102498911924?buyBoxFallback=disable&do-waremd5=ANjwt0Vm27EM49r2BUP51A&cpc=-tFQJKZermd66Cb9IZz_Ch9tG-BFlKEQ9yZ-Or8GNjkEPT4-RlvwX11q7AACA2qDKK13BmIOsdGloGO5-L26SY0lnt-3NEHuJrPIXjqTcGT1Q2opFtXwm4zO_uvLeI9vtsehwtr4li6pC8sabAYbe7azWLGShGkP9gJ7EzWIMyEfrfJH3H3i6bwktVj0QVYfRc9KsCR_9Y3CZHSQDiRXtq-4KoQFPc8qJa1utF4WOMK_Ocw0GwnaW2DlApMUa92uZi_gBPKi6_WHpXFRrCh0Cylq2jYPyPE-zyeMX-vsNHXedyuATPLXpFve-0qFwzuOrlz8JIsdz-jsgvOxcBJO_KNaN2VGdEj-cUsoa6-ppi0xRHI7Ey3TS142VfBcMwSQBOr0G3BN1Ye9-Uvs141VvvEIhYq0fg0yYe5nRM-HlfLTuBeWVGPNCmjYdb5Ada6s4AgLbynDcH3LA2F7h-FRtke8DpdZHONMEYOt-n4r8sTYM7rA8gh3fbGgIV9GDkQpRqoTaLVcLB0ZhRLkAiZQJE32ojG-nqKYGxF9MeBNzrS4uVNzI8sz4TSYxCYaq93ianH4AI8TLE-UvQOBPtESJ_gg_bdxVPyPT4DJcisHdKry8rMXGlu1bd29mjUzCI2J3xx5zV__J_YDKwfVMEvqBGFw7UIVblC65oF7vy7sxHoZ4yRMOdak3uB3ScwYwK5tGtQqMQ-PnKJ1EAaWi0Xgb0y5GntTCQy7SldxTHslN5QDHJp5xAPHYKsoV1-Lz9V6oPdXs3_KtAc%2C&cc=CiBiMmQyNDZiNTFkMjc3NjU2ODlhOGRiYTllZTk3YmQ5YhAHgH3m7QY%2C&resale_goods=resale_new&hid=17424682&nid=17424683&show-uid=17719470735089606017606004&showUid=17719470735089606017606004&from-show-uid=17719470735089606017606004&cpa=1&from=search,2026-02-24 18:31:18
"(window.apiaryMarkerPortal=window.apiaryMarkerPortal||[]).push([""@marketfront/SnippetConstructor/SimpleGallery/Gallery"",""/content/page/fancyPage/searchContent/searchContentSync/searchSerpStatic/content/content/lazyGenerator/initialContent/serpLayoutItem_466237/serpEntity17719470735089606017616005/gallery/gallery"",""static"",null,""static"",""apiary-marker-3q0wk-2v1iexs1dlx"",""42"",[],true,""@marketfront/SnippetConstructor/SimpleGallery"",""/content/page/fancyPage/searchContent/searchContentSync/searchSerpStatic/content/content/lazyGenerator/initialContent/serpLayoutItem_466237/serpEntity17719470735089606017616005/gallery"",true,0,null,[]])(window.apiaryMarkerPortal=window.apiaryMarkerPortal||[]).push([""@marketfront/SnippetConstructor/SimpleGallery"",""/content/page/fancyPage/searchContent/searchContentSync/searchSerpStatic/content/content/lazyGenerator/initialContent/serpLayoutItem_466237/serpEntity17719470735089606017616005/gallery"",""static"",null,""static"",""apiary-marker-3q0wl-2v1iexs1dlx"",""42"",[],true,""@marketfront/SnippetConstructor"",""/content/page/fancyPage/searchContent/searchContentSync/searchSerpStatic/content/content/lazyGenerator/initialContent/serpLayoutItem_466237/serpEntity17719470735089606017616005"",true,0,{""preload"":true},[]])",2 181,https://market.yandex.ru/card/tsilindr-kolesnyy-chugun-levyy-zil-5301-bychok-k2719c3-fenox-k2719c3/103596537355?buyBoxFallback=disable&do-waremd5=cdSoE2z-ZU2irZFn7VM_ag&cpc=-tFQJKZermd-v07XIvCj8HYXC9XNElMcT3FTTn5i3EmNHZ4OKW2MG7f2zamC4LwAzfY1d4oOB-LDA9nyLbIGt61JuZW-Bo7jcUpkm2S70AVghQVoLYJRyKv_rNHklLF_3nrDlUb4cMvDkyM4bM0uVvEIK8UAFn3UbPdjGfctZavA9fxppdL1-7BIWdFQn6Be-9G0_LSRa1DjmPqmYos6ypkhj1NHS6nCfMbUX5_onRVynlDkggUcdAs5voDGuqVZHONW13grq3QDKLHBAACMh0jEUN8wp8D5tdU5ydNhqGHm3JwmBhavdfI5v28lEgkHm4y4-bkLMusQOylnUT0oXXnMuwShpOilp7sfa7xyvY-_yPZ7v0XYIyPh1v5yw8V2YFAgZDjJcpWPC52h1blfsDovyMb91-GQBx3wqGijIJgUn-aiSOE-70DGX7OaJULStt8x1fFVA0J_9TpVFC885EYkQa5ZA8lCPgRrx05Usd1y0BHe__VBnTo4kEm1b9GHF9ghNln5TXhb-axs6JjjmJ6PkIwAXgakJXCq5EfeDoaUQJrxgDYMxewcdmsVvA8J65tw9d_PuAc2X5F1DpFEkHtIRiwBPS4wYz2g55HMMZYKZiDIbkcQLRNZcwY3yBoKQlsWRsMQLAt1_l63cWmxPmiYl5hPO-X6g0m6Wgmjb-aURNoRC0kf1ohMczqU98iwmDL09gYumy78jsKea5VAul6S490EbuEeS5t-dSxhz1Y1qt5RpWpl_Q%2C%2C&cc=CiBiMmQyNDZiNTFkMjc3NjU2ODlhOGRiYTllZTk3YmQ5YhAHgH3m7QY%2C&resale_goods=resale_new&hid=17424682&nid=17424683&show-uid=17719470735089606017606005&showUid=17719470735089606017606005&from-show-uid=17719470735089606017606005&cpa=1&from=search,2026-02-24 18:31:18
"(window.apiaryMarkerPortal=window.apiaryMarkerPortal||[]).push([""@marketfront/SnippetConstructor/SimpleGallery/Gallery"",""/content/page/fancyPage/searchContent/searchContentSync/searchSerpStatic/content/content/lazyGenerator/initialContent/serpLayoutItem_953958/serpEntity17719470735089606017616006/gallery/gallery"",""static"",null,""static"",""apiary-marker-3q0wq-2v1iexs1dlx"",""42"",[],true,""@marketfront/SnippetConstructor/SimpleGallery"",""/content/page/fancyPage/searchContent/searchContentSync/searchSerpStatic/content/content/lazyGenerator/initialContent/serpLayoutItem_953958/serpEntity17719470735089606017616006/gallery"",true,0,null,[]])(window.apiaryMarkerPortal=window.apiaryMarkerPortal||[]).push([""@marketfront/SnippetConstructor/SimpleGallery"",""/content/page/fancyPage/searchContent/searchContentSync/searchSerpStatic/content/content/lazyGenerator/initialContent/serpLayoutItem_953958/serpEntity17719470735089606017616006/gallery"",""static"",null,""static"",""apiary-marker-3q0wr-2v1iexs1dlx"",""42"",[],true,""@marketfront/SnippetConstructor"",""/content/page/fancyPage/searchContent/searchContentSync/searchSerpStatic/content/content/lazyGenerator/initialContent/serpLayoutItem_953958/serpEntity17719470735089606017616006"",true,0,{""preload"":true},[]])",8 148,https://market.yandex.ru/card/tsilindr-tormoznoy-glavnyy-zil-5301-2-bachka-raaz-5301-3505010/102631519902?buyBoxFallback=disable&do-waremd5=8F67YGYZ-YaH8oB4dgoWyQ&cpc=-tFQJKZermeS4hZzka0MgqA4ifg9jfQB-8k6tCWQ88bE22AamRCWrgPKjPZ1T4bOxnL_73VfAkDFdrW__p5y8b-Uc0bCUKFu4ePdjexi6xotV68dvMNn5K-ICUeoC2sUxg0PghWbWWQ-_lq_bMCoUC3E19xUe0A0XO1YKplcpp3i4HN1uUEJoYTrTG-FhgDMdBx8HvoNc0OnRhG2zf5NpSaY7NkptnOCOXPgu211Ppt01JQefARq7NB8ItzrI1l1V8gX0cBEzX0NdnxZLn3jaioFIG1TrP_cguNAWArD6R2pEao2brulSgureUePWMcMrdzNumzu85XWUbM6YxaJsqQJ9OYsPBQUA1Ekf9_6A0l5fJiIs_NAp3OeC5ccl4oT3d05LDY3At2EK5hlJj4UNp7rvms7gmHdWi69tNw2Rv5VGKDhH9kaKwm34xxOTaDwcj_XMX6O-0d8sSplHKqfpoeUa6A5MgUvCRwVJfje1nCqsjeniI25aVuiN2EX_9DvxsR7ifspNK1QhJ3nstub3qvixoVTVCFIDusE1KuP_Ay4Zrr-ktTSc3IQojYyv6jqiEQM014otMZG1yOjEThiAy5BhMoFpYg0bKlRvqyZxtNGZue8enCercofApNTnfK8XCMk3tZPRbP1wdGrVnivwYTG6idROTppscgInCobKYMY3-f-J-1l13JJ15hwqqwuU1CCmN3C0ZEybC8UgY-tolml-nJPi-TZT6bs-zaa-WlFtKP-sbFhguVQe-u14VlmcoYuqp4IUvc%2C&cc=CiBiMmQyNDZiNTFkMjc3NjU2ODlhOGRiYTllZTk3YmQ5YhAHgH3m7QY%2C&resale_goods=resale_new&hid=17424682&nid=17424683&show-uid=17719470735089606017606006&showUid=17719470735089606017606006&from-show-uid=17719470735089606017606006&cpa=1&from=search,2026-02-24 18:31:18
"(window.apiaryMarkerPortal=window.apiaryMarkerPortal||[]).push([""@marketfront/SnippetConstructor/SimpleGallery/Gallery"",""/content/page/fancyPage/searchContent/searchContentSync/searchSerpStatic/content/content/lazyGenerator/initialContent/serpLayoutItem_585173/serpEntity17719470735089606017616007/gallery/gallery"",""static"",null,""static"",""apiary-marker-3q0ww-2v1iexs1dlx"",""42"",[],true,""@marketfront/SnippetConstructor/SimpleGallery"",""/content/page/fancyPage/searchContent/searchContentSync/searchSerpStatic/content/content/lazyGenerator/initialContent/serpLayoutItem_585173/serpEntity17719470735089606017616007/gallery"",true,0,null,[]])(window.apiaryMarkerPortal=window.apiaryMarkerPortal||[]).push([""@marketfront/SnippetConstructor/SimpleGallery"",""/content/page/fancyPage/searchContent/searchContentSync/searchSerpStatic/content/content/lazyGenerator/initialContent/serpLayoutItem_585173/serpEntity17719470735089606017616007/gallery"",""static"",null,""static"",""apiary-marker-3q0wx-2v1iexs1dlx"",""42"",[],true,""@marketfront/SnippetConstructor"",""/content/page/fancyPage/searchContent/searchContentSync/searchSerpStatic/content/content/lazyGenerator/initialContent/serpLayoutItem_585173/serpEntity17719470735089606017616007"",true,0,{""preload"":true},[]])",6 386,https://market.yandex.ru/card/tsilindr-tormoznoy-glavnyy-zil-5301-1-bachok-raaz-5301-3505010-10/103037761610?buyBoxFallback=disable&do-waremd5=5LthvM2u69GTl4IcT-hL8Q&cpc=-tFQJKZermc0v8EyVcOlm0ZbdyCG0pJ5ue6mtrPREDpXkktwXw6C6oYg_UTxMF5tTK3bSFh7ufKlSH3_C87DNFMhzIW6xjdkQdERJvAzl1K6tfqw4IIhezQCggjr43YyOdxivXl5Y5wG9PqMDGBcaq05UR6fPubLsgB5RpkG1reqxZYmQ_3TnnLUwhiDrlk04FnCo_YSXm4UpnkC-fctTtmKhubop2Y3kgTll6zMr3r7KJqSneqCS1Kf2jug5y4TjS4Zx1_S_WuhyVWDQxJbAeYjXuGcZWCy18PFfR5Gj1XYGfzpO9EuriZg3bAC7zwViwxUyry6GrMJyQmVPFB3Ne1w2PmK3_-DeBUPQflyJrT8YYItL7sO8fVdOZxYdeBtk-AwVZnUyPn2BB3tQ-GXfSWlirtUdapCiSyAMxSmPF7gYQdX-MQWXOLoNeqhifmRcqLxwMgYv3I0WmnqRXrDrDY2wO_K0w1sjRq4SIL1mmdKtw308VfUKMW_NI8CFVFyI4gV7BgWXcIBIXrgfH6sljL2S0zyFEFvnnFA_Uk8pFId51RZUF2JW-J3oZHxOXCBnvomUkKLYdKWeavCpM0H-gx8Y95PhX6P7xGXIKQ62k-WP0ZnLIP2_RBDf1KA0Fnb8nBf6uE8_Hly6GO-nZHBDSsq3tn2FzpgRvVvzjZ8z5vo-MC74CZOxVZTN7sqDirOEAFtEp0B1XW1_nwu6UnoywkTZot8zNmexJ6kBm6J63_JhG4QXDVW_3RgfyRILmAOoijny2Vm_V4%2C&cc=CiBiMmQyNDZiNTFkMjc3NjU2ODlhOGRiYTllZTk3YmQ5YhAHgH3m7QY%2C&resale_goods=resale_new&hid=71426048&nid=71426054&show-uid=17719470735089606017606007&showUid=17719470735089606017606007&from-show-uid=17719470735089606017606007&cpa=1&from=search,2026-02-24 18:31:18
"(window.apiaryMarkerPortal=window.apiaryMarkerPortal||[]).push([""@marketfront/SnippetConstructor/SimpleGallery/Gallery"",""/content/page/fancyPage/searchContent/searchContentSync/searchSerpStatic/content/content/lazyGenerator/initialContent/serpLayoutItem_966659/serpEntity17719470735089606017616008/gallery/gallery"",""static"",null,""static"",""apiary-marker-3q0x2-2v1iexs1dlx"",""42"",[],true,""@marketfront/SnippetConstructor/SimpleGallery"",""/content/page/fancyPage/searchContent/searchContentSync/searchSerpStatic/content/content/lazyGenerator/initialContent/serpLayoutItem_966659/serpEntity17719470735089606017616008/gallery"",true,0,null,[]])(window.apiaryMarkerPortal=window.apiaryMarkerPortal||[]).push([""@marketfront/SnippetConstructor/SimpleGallery"",""/content/page/fancyPage/searchContent/searchContentSync/searchSerpStatic/content/content/lazyGenerator/initialContent/serpLayoutItem_966659/serpEntity17719470735089606017616008/gallery"",""static"",null,""static"",""apiary-marker-3q0x3-2v1iexs1dlx"",""42"",[],true,""@marketfront/SnippetConstructor"",""/content/page/fancyPage/searchContent/searchContentSync/searchSerpStatic/content/content/lazyGenerator/initialContent/serpLayoutItem_966659/serpEntity17719470735089606017616008"",true,0,{""preload"":true},[]])",15 008,https://market.yandex.ru/card/tsilindr-tormoznoy-glavnyy-zil-5301-2-bachkovyy/102076390962?buyBoxFallback=disable&do-waremd5=xuXvT7nUbuovRo3bcYEEWA&cpc=-tFQJKZermcFq7by52vkGz5Fzab5wk-Z8PPQfsBQWs3qLJ533s3BXvYdYVRSVsmRkSJcfyFqZVi9NyhtmzNgH4nyRE4-v7M3XV6NrF--AYfSndNxOon4BWigd3gvESJDE58jM5_3Yt96LEhgQ_fmcbDkvDiV0bQ3o4dNxxfW-CPnw3cumTYBioriABfAIQYs_aVgEe-XiyJMPK2aFuzNd4KPIDfCyXYI0moE7P1sgO6RGM02cD8o-rL4r4Tgh1NL16zWGxGbhz6EGsIk8IRC_KbO0SNgbqfGswjRwKUiIPt8PBDj62U6eSXuz0sdkPSkJrlDjrzB_ILqlDcJUUgx318IyotnbS7xN16hdYCjbuM-Q4IqR1GBqywAIW7VA3fwJywhTjzbe1FUHftzuftDulUAG9SIvxJRD6-zrurby2CDV7mTtUa3h0vcOS6Ja22ilisaDb-DFrVi-Rm5PtXYBdPXDfL_mNylmexLbI9lUV1R_P-JGwVtWHxiTO30_1mJwv7O-lx2n8mXodzYrOtSplejG2risxT50GwAKz5xxmolBtKGCncsogaXPy2zY8Q4FaWyz3ne47g-nj45DaImv7_mdWFkTt90vlDE7871NZ4V4jzmoB3B6mSe3lzkKFNRwoYWC6nQj3STM4dSx-57MSKMlMkzFtarT4lmcSz-gQczdhtQiJpi03wdocEjYUkwtDbAlBVljkjnToNlQeMYJRk7Jjx9mQvOPHinRimBih72scdwFWhDmg%2C%2C&cc=CiBiMmQyNDZiNTFkMjc3NjU2ODlhOGRiYTllZTk3YmQ5YhAHgH3m7QY%2C&resale_goods=resale_new&hid=17424675&nid=17424676&show-uid=17719470735089606017606008&showUid=17719470735089606017606008&from-show-uid=17719470735089606017606008&cpa=1&from=search,2026-02-24 18:31:18
